name,id,team,position_id,points_round_1,points_round_2,price_round_1,price_round_2,Man of the match,num_matches,Tackles,Dominant tackles,Line-breaks,Metres carried,Kick 50-22,Lineout steal,Breakdown steal,Try,Assists,Conversion,Penalty,Drop goal,Yellow cards,Red cards ,position,played_round_1,points_to_price_round_1,played_round_2,points_to_price_round_2,latest_price,total_points_to_latest_price_ratio,points_all_rounds,total_points_all_rounds,points_per_round_all_rounds
Antoine Dupont,113,France,9,44.4,49.0,19.9,20.0,1.0,2.0,21.0,1.0,2.0,142.0,0.0,0.0,0.0,0.0,0.0,0.0,0.0,0.0,0.0,0.0,scrum-half,True,2.2311557788944723,True,2.45,20.0,2.335,93.4,93.4,46.7
Finn Russell,83,Scotland,8,53.0,90.6,16.8,19.1,1.0,2.0,18.0,1.0,0.0,158.0,1.0,0.0,0.0,0.0,3.0,5.0,3.0,0.0,0.0,0.0,fly-half,True,3.1547619047619047,True,4.7434554973821985,19.1,3.759162303664921,143.6,143.6,71.8
Hugo Keenan,292,Ireland,6,40.2,98.0,17.3,18.9,1.0,2.0,3.0,1.0,2.0,291.0,1.0,0.0,0.0,1.0,0.0,0.0,0.0,0.0,0.0,0.0,back-three,True,2.323699421965318,True,5.185185185185186,18.9,3.6560846560846563,138.2,138.2,69.1
Jonathan Sexton,53,Ireland,8,42.8,46.8,18.1,18.7,0.0,2.0,10.0,0.0,2.0,110.0,0.0,0.0,1.0,0.0,0.0,5.0,3.0,0.0,0.0,0.0,fly-half,True,2.3646408839779003,True,2.5026737967914436,18.7,2.3957219251336896,89.6,89.6,44.8
James Lowe,420,Ireland,6,63.4,52.8,18.3,18.5,0.0,2.0,8.0,0.0,2.0,206.0,0.0,0.0,1.0,2.0,0.0,0.0,0.0,0.0,0.0,0.0,back-three,True,3.4644808743169397,True,2.8540540540540538,18.5,3.1405405405405404,116.19999999999999,116.19999999999999,58.099999999999994
Damian Penaud,114,France,6,49.2,52.8,18.1,18.3,0.0,2.0,6.0,2.0,3.0,190.0,0.0,0.0,0.0,1.0,0.0,0.0,0.0,0.0,0.0,0.0,back-three,True,2.718232044198895,True,2.885245901639344,18.3,2.7868852459016393,102.0,102.0,51.0
Duhan van der Merwe,298,Scotland,6,89.8,67.8,17.3,18.0,1.0,2.0,4.0,0.0,5.0,253.0,0.0,0.0,0.0,2.0,1.0,0.0,0.0,0.0,0.0,0.0,back-three,True,5.190751445086705,True,3.7666666666666666,18.0,4.377777777777777,157.6,157.6,78.8
Caelan Doris,182,Ireland,10,63.0,66.4,17.2,17.8,1.0,2.0,23.0,1.0,0.0,162.0,0.0,0.0,2.0,1.0,1.0,0.0,0.0,0.0,0.0,0.0,back-row,True,3.662790697674419,True,3.7303370786516856,17.8,3.634831460674157,129.4,129.4,64.7
Josh van der Flier,68,Ireland,10,55.2,37.2,18.3,17.8,0.0,2.0,24.0,2.0,1.0,82.0,0.0,0.0,0.0,1.0,0.0,0.0,0.0,0.0,0.0,0.0,back-row,True,3.016393442622951,True,2.0898876404494384,17.8,2.595505617977528,92.4,92.4,46.2
Stuart Hogg,78,Scotland,6,34.4,5.9,17.8,17.7,0.0,2.0,4.0,1.0,0.0,72.0,0.0,0.0,1.0,0.0,0.0,0.0,0.0,0.0,0.0,0.0,back-three,True,1.9325842696629212,True,0.33333333333333337,17.7,1.1384180790960452,40.3,40.3,20.15
Marcus Smith,361,England,8,35.4,4.8,17.4,17.4,0.0,2.0,10.0,0.0,0.0,112.0,0.0,0.0,0.0,0.0,1.0,0.0,0.0,0.0,0.0,0.0,fly-half,True,2.03448275862069,True,0.27586206896551724,17.4,1.1551724137931034,40.199999999999996,40.199999999999996,20.099999999999998
Garry Ringrose,72,Ireland,7,27.8,65.8,15.8,17.2,0.0,2.0,19.0,1.0,1.0,113.0,0.0,0.0,0.0,1.0,1.0,0.0,0.0,0.0,0.0,0.0,centres,True,1.759493670886076,True,3.8255813953488373,17.2,2.7209302325581395,93.6,93.6,46.8
Anthony Jelonch,249,France,10,43.4,47.6,16.5,17.1,0.0,2.0,41.0,1.0,1.0,70.0,0.0,0.0,1.0,0.0,1.0,0.0,0.0,0.0,0.0,0.0,back-row,True,2.6303030303030304,True,2.783625730994152,17.1,2.660818713450292,91.0,91.0,45.5
Maro Itoje,145,England,11,26.2,42.0,16.7,17.1,0.0,2.0,26.0,3.0,0.0,31.0,0.0,0.0,1.0,0.0,0.0,0.0,0.0,0.0,0.0,0.0,second-row,True,1.5688622754491017,True,2.4561403508771926,17.1,1.9941520467836256,68.2,68.2,34.1
Taulupe Faletau,5,Wales,10,36.8,13.0,17.2,17.0,0.0,2.0,28.0,1.0,0.0,74.0,0.0,0.0,0.0,0.0,0.0,0.0,0.0,0.0,0.0,0.0,back-row,True,2.13953488372093,True,0.7647058823529411,17.0,1.464705882352941,49.8,49.8,24.9
Paul Willemse,112,France,11,25.8,27.2,16.2,16.6,0.0,2.0,21.0,3.0,0.0,28.0,0.0,0.0,0.0,0.0,0.0,0.0,0.0,0.0,0.0,0.0,second-row,True,1.5925925925925928,True,1.6385542168674696,16.6,1.5963855421686746,53.0,53.0,26.5
Romain Ntamack,116,France,8,27.1,22.2,17.0,16.5,0.0,2.0,18.0,0.0,0.0,89.0,0.0,0.0,0.0,0.0,1.0,0.0,0.0,0.0,0.0,0.0,fly-half,True,1.5941176470588236,True,1.3454545454545455,16.5,1.493939393939394,49.3,49.3,24.65
Liam Williams,9,Wales,6,54.6,12.8,18.1,16.5,0.0,2.0,11.0,0.0,2.0,152.0,0.0,0.0,1.0,1.0,0.0,0.0,0.0,0.0,2.0,0.0,back-three,True,3.0165745856353587,True,0.7757575757575758,16.5,2.0424242424242425,67.4,67.4,33.7
Tadhg Beirne,291,Ireland,11,25.8,49.1,15.2,16.4,0.0,2.0,18.0,3.0,1.0,60.0,0.0,0.0,1.0,0.0,0.0,0.0,0.0,0.0,0.0,0.0,second-row,True,1.6973684210526316,True,2.9939024390243905,16.4,2.2835365853658542,74.9,74.9,37.45
Ellis Genge,149,England,12,34.6,21.6,16.4,16.4,0.0,2.0,8.0,0.0,0.0,104.0,0.0,0.0,0.0,1.0,1.0,0.0,0.0,0.0,0.0,0.0,front-row,True,2.1097560975609757,True,1.3170731707317076,16.4,1.7134146341463417,56.2,56.2,28.1
Gregory Alldritt,118,France,10,40.5,16.4,16.6,16.4,0.0,2.0,26.0,1.0,0.0,89.0,0.0,0.0,0.0,0.0,0.0,0.0,0.0,0.0,0.0,0.0,back-row,True,2.439759036144578,True,1.0,16.4,1.7347560975609757,56.9,56.9,28.45
Gael Fickou,106,France,7,37.2,30.6,16.2,16.1,0.0,2.0,30.0,0.0,0.0,149.0,0.0,0.0,0.0,0.0,0.0,0.0,0.0,0.0,0.0,0.0,centres,True,2.2962962962962967,True,1.9006211180124222,16.1,2.1055900621118013,67.80000000000001,67.80000000000001,33.900000000000006
Josh Adams,18,Wales,6,31.2,23.2,16.0,16.0,0.0,2.0,8.0,4.0,0.0,57.0,0.0,0.0,1.0,0.0,0.0,0.0,0.0,0.0,0.0,0.0,back-three,True,1.95,True,1.45,16.0,1.7,54.4,54.4,27.2
Ange Capuozzo,411,Italy,6,37.8,48.4,15.2,15.9,0.0,2.0,2.0,0.0,3.0,241.0,0.0,0.0,0.0,1.0,0.0,0.0,0.0,0.0,0.0,0.0,back-three,True,2.486842105263158,True,3.044025157232704,15.9,2.7106918238993707,86.19999999999999,86.19999999999999,43.099999999999994
Dan Sheehan,324,Ireland,13,58.1,0.0,16.2,15.9,0.0,1.0,5.0,2.0,2.0,54.0,0.0,1.0,0.0,0.0,0.0,0.0,0.0,0.0,0.0,0.0,hooker,True,3.58641975308642,False,0.0,15.9,3.6540880503144653,58.1,58.1,58.1
Alex Dombrandt,360,England,10,23.8,43.5,15.1,15.8,0.0,2.0,13.0,0.0,0.0,134.0,0.0,0.0,3.0,0.0,0.0,0.0,0.0,0.0,0.0,0.0,back-row,True,1.576158940397351,True,2.7531645569620253,15.8,2.1297468354430378,67.3,67.3,33.65
Thomas Ramos,108,France,6,53.4,45.0,14.9,15.7,0.0,2.0,5.0,0.0,1.0,142.0,0.0,0.0,0.0,1.0,0.0,4.0,4.0,1.0,0.0,0.0,back-three,True,3.5838926174496644,True,2.8662420382165608,15.7,3.1337579617834397,98.4,98.4,49.2
Matt Fagerson,247,Scotland,10,59.2,69.8,14.1,15.6,0.0,2.0,40.0,4.0,1.0,80.0,0.0,0.0,0.0,1.0,1.0,0.0,0.0,0.0,0.0,0.0,back-row,True,4.198581560283689,True,4.4743589743589745,15.6,4.134615384615385,129.0,129.0,64.5
Owen Farrell,124,England,7,26.2,27.8,15.7,15.5,0.0,2.0,15.0,0.0,0.0,75.0,0.0,0.0,0.0,0.0,0.0,3.0,2.0,0.0,0.0,0.0,centres,True,1.6687898089171975,True,1.7935483870967743,15.5,1.7419354838709677,54.0,54.0,27.0
Louis Rees-Zammit,162,Wales,6,0.0,0.0,0.0,0.0,0.0,0.0,0.0,0.0,0.0,0.0,0.0,0.0,0.0,0.0,0.0,0.0,0.0,0.0,0.0,0.0,back-three,False,,False,,0.0,,0.0,0.0,
Hamish Watson,91,Scotland,10,0.0,0.0,0.0,0.0,0.0,0.0,0.0,0.0,0.0,0.0,0.0,0.0,0.0,0.0,0.0,0.0,0.0,0.0,0.0,0.0,back-row,False,,False,,0.0,,0.0,0.0,
Jack Conan,286,Ireland,10,14.4,8.8,15.3,15.3,0.0,2.0,6.0,0.0,0.0,29.0,0.0,0.0,1.0,0.0,0.0,0.0,0.0,0.0,0.0,0.0,back-row,True,0.9411764705882353,True,0.5751633986928105,15.3,0.758169934640523,23.200000000000003,23.200000000000003,11.600000000000001
Kyle Steyn,191,Scotland,6,54.8,75.0,13.6,15.3,0.0,2.0,9.0,1.0,5.0,129.0,0.0,0.0,0.0,2.0,1.0,0.0,0.0,0.0,0.0,0.0,back-three,True,4.029411764705882,True,4.901960784313725,15.3,4.241830065359477,129.8,129.8,64.9
Gabin Villiere,307,France,6,0.0,0.0,0.0,0.0,0.0,0.0,0.0,0.0,0.0,0.0,0.0,0.0,0.0,0.0,0.0,0.0,0.0,0.0,0.0,0.0,back-three,False,,False,,0.0,,0.0,0.0,
Charles Ollivon,196,France,10,27.8,33.0,15.0,15.2,0.0,2.0,29.0,0.0,0.0,79.0,0.0,1.0,1.0,0.0,0.0,0.0,0.0,0.0,1.0,0.0,back-row,True,1.8533333333333333,True,2.1710526315789473,15.2,2.0,60.8,60.8,30.4
Romain Taofifenua,102,France,11,27.2,25.6,14.7,15.2,0.0,2.0,14.0,2.0,0.0,6.0,0.0,0.0,2.0,0.0,1.0,0.0,0.0,0.0,0.0,0.0,second-row,True,1.8503401360544218,True,1.6842105263157896,15.2,1.736842105263158,52.8,52.8,26.4
Dan Biggar,11,Wales,8,37.0,18.2,15.4,15.2,0.0,2.0,15.0,0.0,1.0,51.0,0.0,0.0,1.0,0.0,1.0,2.0,1.0,0.0,0.0,0.0,fly-half,True,2.4025974025974026,True,1.1973684210526316,15.2,1.8157894736842106,55.2,55.2,27.6
Chris Harris,95,Scotland,7,1.4,6.2,15.0,15.1,0.0,2.0,4.0,0.0,0.0,12.0,0.0,0.0,0.0,0.0,0.0,0.0,0.0,0.0,0.0,0.0,centres,True,0.09333333333333332,True,0.41059602649006627,15.1,0.25165562913907286,7.6,7.6,3.8
Thibaud Flament,385,France,11,61.0,50.0,14.2,14.9,0.0,2.0,41.0,2.0,1.0,95.0,0.0,1.0,0.0,1.0,0.0,0.0,0.0,0.0,0.0,0.0,second-row,True,4.295774647887324,True,3.3557046979865772,14.9,3.7248322147651005,111.0,111.0,55.5
James Ryan,152,Ireland,11,47.8,40.4,14.6,14.9,0.0,2.0,29.0,1.0,0.0,71.0,0.0,1.0,0.0,1.0,0.0,0.0,0.0,0.0,0.0,0.0,second-row,True,3.273972602739726,True,2.711409395973154,14.9,2.9597315436241605,88.19999999999999,88.19999999999999,44.099999999999994
Freddie Steward,365,England,6,22.2,19.0,15.5,14.8,0.0,2.0,5.0,0.0,0.0,141.0,0.0,0.0,0.0,0.0,0.0,0.0,0.0,0.0,0.0,0.0,back-three,True,1.432258064516129,True,1.2837837837837838,14.8,1.3918918918918919,41.2,41.2,20.6
Francois Cros,206,France,10,0.0,6.0,14.7,14.8,0.0,1.0,6.0,0.0,0.0,0.0,0.0,0.0,0.0,0.0,0.0,0.0,0.0,0.0,0.0,0.0,back-row,False,0.0,True,0.4054054054054054,14.8,0.4054054054054054,6.0,6.0,6.0
Cyril Baille,105,France,12,20.5,18.6,15.0,14.8,0.0,2.0,22.0,0.0,0.0,60.0,0.0,0.0,0.0,0.0,0.0,0.0,0.0,0.0,0.0,0.0,front-row,True,1.3666666666666667,True,1.2567567567567568,14.8,1.3209459459459458,39.1,39.1,19.55
Jamie Ritchie,241,Scotland,10,46.2,32.0,14.6,14.6,0.0,2.0,19.0,2.0,0.0,41.0,0.0,0.0,3.0,0.0,0.0,0.0,0.0,0.0,0.0,0.0,back-row,True,3.164383561643836,True,2.191780821917808,14.6,2.678082191780822,78.2,78.2,39.1
Blair Kinghorn,98,Scotland,6,8.2,62.7,13.1,14.5,0.0,2.0,5.0,0.0,2.0,144.0,0.0,0.0,0.0,1.0,0.0,0.0,0.0,0.0,0.0,0.0,back-three,True,0.6259541984732824,True,4.324137931034483,14.5,2.444827586206897,70.9,70.9,35.45
Jonny Gray,80,Scotland,11,12.8,12.0,14.3,14.5,0.0,2.0,6.0,2.0,0.0,9.0,0.0,0.0,0.0,0.0,0.0,0.0,0.0,0.0,0.0,0.0,second-row,True,0.8951048951048951,True,0.8275862068965517,14.5,0.8551724137931035,24.8,24.8,12.4
Melvyn Jaminet,386,France,6,0.0,0.0,0.0,0.0,0.0,0.0,0.0,0.0,0.0,0.0,0.0,0.0,0.0,0.0,0.0,0.0,0.0,0.0,0.0,0.0,back-three,False,,False,,0.0,,0.0,0.0,
Jamison Gibson-Park,283,Ireland,9,0.0,0.0,0.0,0.0,0.0,0.0,0.0,0.0,0.0,0.0,0.0,0.0,0.0,0.0,0.0,0.0,0.0,0.0,0.0,0.0,scrum-half,False,,False,,0.0,,0.0,0.0,
Manu Tuilagi,138,England,7,0.0,0.0,0.0,0.0,0.0,0.0,0.0,0.0,0.0,0.0,0.0,0.0,0.0,0.0,0.0,0.0,0.0,0.0,0.0,0.0,centres,False,,False,,0.0,,0.0,0.0,
Tadhg Furlong,67,Ireland,12,0.0,0.0,0.0,0.0,0.0,0.0,0.0,0.0,0.0,0.0,0.0,0.0,0.0,0.0,0.0,0.0,0.0,0.0,0.0,0.0,front-row,False,,False,,0.0,,0.0,0.0,
Bundee Aki,62,Ireland,7,13.6,9.4,14.2,14.4,0.0,2.0,5.0,0.0,0.0,38.0,0.0,0.0,1.0,0.0,0.0,0.0,0.0,0.0,0.0,0.0,centres,True,0.9577464788732395,True,0.6527777777777778,14.4,0.798611111111111,23.0,23.0,11.5
Julien Marchand,110,France,13,25.5,37.8,14.0,14.3,0.0,2.0,32.0,0.0,0.0,56.0,0.0,0.0,2.0,0.0,0.0,0.0,0.0,0.0,0.0,0.0,hooker,True,1.8214285714285714,True,2.643356643356643,14.3,2.213286713286713,63.3,63.3,31.65
Sebastian Negri,48,Italy,10,27.0,36.6,14.0,14.3,0.0,2.0,13.0,2.0,1.0,148.0,0.0,0.0,0.0,0.0,0.0,0.0,0.0,0.0,0.0,0.0,back-row,True,1.9285714285714286,True,2.5594405594405596,14.3,2.2237762237762237,63.6,63.6,31.8
Justin Tipuric,4,Wales,10,35.6,0.0,14.6,14.3,0.0,1.0,11.0,3.0,0.0,18.0,0.0,0.0,0.0,0.0,0.0,0.0,0.0,0.0,0.0,0.0,back-row,True,2.4383561643835616,False,0.0,14.3,2.4895104895104896,35.6,35.6,35.6
Alex Cuthbert,330,Wales,6,6.6,10.4,14.1,14.1,0.0,2.0,2.0,0.0,0.0,75.0,0.0,0.0,0.0,0.0,0.0,0.0,0.0,0.0,0.0,0.0,back-three,True,0.46808510638297873,True,0.7375886524822696,14.1,0.6028368794326241,17.0,17.0,8.5
Mack Hansen,322,Ireland,6,40.8,25.6,14.4,14.1,0.0,2.0,10.0,2.0,1.0,97.0,0.0,0.0,0.0,0.0,0.0,0.0,0.0,0.0,0.0,0.0,back-three,True,2.833333333333333,True,1.8156028368794328,14.1,2.3546099290780145,66.4,66.4,33.2
Ken Owens,7,Wales,13,40.6,38.0,13.6,14.1,0.0,2.0,21.0,4.0,0.0,73.0,0.0,0.0,0.0,1.0,0.0,0.0,0.0,0.0,0.0,0.0,hooker,True,2.985294117647059,True,2.6950354609929077,14.1,2.7872340425531914,78.6,78.6,39.3
Max Malins,312,England,6,55.4,34.6,13.9,14.0,0.0,2.0,13.0,1.0,1.0,125.0,0.0,0.0,0.0,2.0,0.0,0.0,0.0,0.0,0.0,0.0,back-three,True,3.9856115107913666,True,2.4714285714285715,14.0,3.2142857142857144,90.0,90.0,45.0
Lewis Ludlam,227,England,10,42.4,60.0,12.0,13.9,0.0,2.0,25.0,4.0,1.0,102.0,0.0,0.0,1.0,0.0,1.0,0.0,0.0,0.0,0.0,0.0,back-row,True,3.533333333333333,True,4.316546762589928,13.9,3.683453237410072,102.4,102.4,51.2
Kyle Sinckler,135,England,12,19.0,25.3,13.7,13.9,0.0,2.0,16.0,2.0,0.0,47.0,0.0,0.0,0.0,0.0,0.0,0.0,0.0,0.0,0.0,0.0,front-row,True,1.3868613138686132,True,1.8201438848920863,13.9,1.593525179856115,44.3,44.3,22.15
Yoram Moefana,383,France,7,20.2,20.4,14.4,13.8,0.0,2.0,12.0,0.0,0.0,103.0,0.0,0.0,0.0,0.0,0.0,0.0,0.0,0.0,0.0,0.0,centres,True,1.4027777777777777,True,1.4782608695652173,13.8,1.4710144927536228,40.599999999999994,40.599999999999994,20.299999999999997
Peter O'Mahony,57,Ireland,10,22.0,15.6,13.9,13.6,0.0,2.0,11.0,1.0,0.0,40.0,0.0,0.0,0.0,0.0,0.0,0.0,0.0,0.0,0.0,0.0,back-row,True,1.5827338129496402,True,1.1470588235294117,13.6,1.3823529411764708,37.6,37.6,18.8
Sam Simmonds,357,England,10,0.0,0.0,0.0,0.0,0.0,0.0,0.0,0.0,0.0,0.0,0.0,0.0,0.0,0.0,0.0,0.0,0.0,0.0,0.0,0.0,back-row,False,,False,,0.0,,0.0,0.0,
Nick Tompkins,154,Wales,7,0.0,0.0,0.0,0.0,0.0,0.0,0.0,0.0,0.0,0.0,0.0,0.0,0.0,0.0,0.0,0.0,0.0,0.0,0.0,0.0,centres,False,,False,,0.0,,0.0,0.0,
Matthieu Jalibert,117,France,8,18.1,5.8,13.5,13.4,0.0,2.0,2.0,0.0,0.0,27.0,0.0,0.0,0.0,1.0,0.0,0.0,0.0,0.0,0.0,0.0,fly-half,True,1.3407407407407408,True,0.43283582089552236,13.4,0.8917910447761195,23.900000000000002,23.900000000000002,11.950000000000001
Ali Price,94,Scotland,9,0.0,0.0,0.0,0.0,0.0,0.0,0.0,0.0,0.0,0.0,0.0,0.0,0.0,0.0,0.0,0.0,0.0,0.0,0.0,0.0,scrum-half,False,,False,,0.0,,0.0,0.0,
Grant Gilchrist,84,Scotland,11,34.4,37.4,12.8,13.3,0.0,2.0,23.0,3.0,0.0,4.0,0.0,2.0,0.0,0.0,0.0,0.0,0.0,0.0,0.0,0.0,second-row,True,2.6874999999999996,True,2.8120300751879697,13.3,2.6992481203007515,71.8,71.8,35.9
Anthony Watson,222,England,6,5.6,0.0,13.4,13.1,0.0,1.0,2.0,0.0,0.0,18.0,0.0,0.0,0.0,0.0,0.0,0.0,0.0,0.0,0.0,0.0,back-three,True,0.417910447761194,False,0.0,13.1,0.42748091603053434,5.6,5.6,5.6
Huw Jones,82,Scotland,7,51.0,46.4,12.5,13.1,0.0,2.0,22.0,1.0,2.0,119.0,0.0,0.0,0.0,1.0,0.0,0.0,0.0,0.0,0.0,0.0,centres,True,4.08,True,3.5419847328244276,13.1,3.7175572519083975,97.4,97.4,48.7
Rio Dyer,676,Wales,6,39.4,30.0,13.0,12.9,0.0,2.0,9.0,0.0,3.0,197.0,0.0,0.0,0.0,0.0,0.0,0.0,0.0,0.0,0.0,0.0,back-three,True,3.0307692307692307,True,2.3255813953488373,12.9,2.6899224806201554,69.4,69.4,34.7
Henry Slade,131,England,7,0.0,12.6,13.7,12.9,0.0,1.0,4.0,0.0,0.0,7.0,0.0,0.0,0.0,0.0,0.0,0.0,0.0,0.0,0.0,0.0,centres,False,0.0,True,0.9767441860465116,12.9,0.9767441860465116,12.6,12.6,12.6
Jac Morgan,339,Wales,10,50.6,31.4,12.4,12.8,0.0,2.0,25.0,3.0,0.0,75.0,0.0,0.0,3.0,0.0,0.0,0.0,0.0,0.0,0.0,0.0,back-row,True,4.080645161290323,True,2.4531249999999996,12.8,3.203125,82.0,82.0,41.0
Mako Vunipola,126,England,12,7.4,5.6,13.0,12.8,0.0,2.0,5.0,0.0,0.0,27.0,0.0,0.0,0.0,0.0,0.0,0.0,0.0,0.0,0.0,0.0,front-row,True,0.5692307692307692,True,0.43749999999999994,12.8,0.5078125,13.0,13.0,6.5
Iain Henderson,61,Ireland,11,7.6,11.5,12.9,12.8,0.0,2.0,7.0,0.0,0.0,30.0,0.0,0.0,0.0,0.0,0.0,0.0,0.0,0.0,0.0,0.0,second-row,True,0.5891472868217054,True,0.8984375,12.8,0.74609375,19.1,19.1,9.55
Finlay Bealham,290,Ireland,12,35.0,34.3,11.9,12.7,0.0,2.0,24.0,2.0,0.0,26.0,0.0,0.0,0.0,0.0,2.0,0.0,0.0,0.0,0.0,0.0,front-row,True,2.941176470588235,True,2.7007874015748032,12.7,2.7283464566929134,69.3,69.3,34.65
Zander Fagerson,93,Scotland,12,0.0,38.2,11.7,12.7,0.0,1.0,15.0,2.0,0.0,14.0,0.0,0.0,0.0,0.0,0.0,0.0,0.0,0.0,0.0,0.0,front-row,False,0.0,True,3.007874015748032,12.7,3.007874015748032,38.2,38.2,38.2
George North,1,Wales,7,15.6,19.2,13.2,12.7,0.0,2.0,6.0,1.0,0.0,109.0,0.0,0.0,0.0,0.0,0.0,0.0,0.0,0.0,0.0,0.0,centres,True,1.1818181818181819,True,1.5118110236220472,12.7,1.3700787401574803,34.8,34.8,17.4
Paolo Garbisi,277,Italy,8,0.0,0.0,0.0,0.0,0.0,0.0,0.0,0.0,0.0,0.0,0.0,0.0,0.0,0.0,0.0,0.0,0.0,0.0,0.0,0.0,fly-half,False,,False,,0.0,,0.0,0.0,
George Turner,188,Scotland,13,42.0,27.2,12.3,12.6,0.0,2.0,16.0,2.0,0.0,58.0,0.0,1.0,0.0,1.0,0.0,0.0,0.0,0.0,1.0,0.0,hooker,True,3.4146341463414633,True,2.1587301587301586,12.6,2.746031746031746,69.2,69.2,34.6
Ben Youngs,137,England,9,6.0,0.0,12.9,12.6,0.0,1.0,1.0,0.0,0.0,25.0,0.0,0.0,0.0,0.0,0.0,0.0,0.0,0.0,0.0,0.0,scrum-half,True,0.46511627906976744,False,0.0,12.6,0.4761904761904762,6.0,6.0,6.0
Conor Murray,58,Ireland,9,30.8,10.8,13.2,12.6,0.0,2.0,4.0,1.0,1.0,23.0,0.0,0.0,0.0,0.0,1.0,0.0,0.0,0.0,0.0,0.0,scrum-half,True,2.3333333333333335,True,0.8571428571428572,12.6,1.650793650793651,41.6,41.6,20.8
Alun Wyn Jones,12,Wales,11,22.8,0.0,12.9,12.6,0.0,1.0,10.0,1.0,0.0,29.0,0.0,0.0,0.0,0.0,0.0,0.0,0.0,0.0,0.0,0.0,second-row,True,1.7674418604651163,False,0.0,12.6,1.8095238095238095,22.8,22.8,22.8
Louis Bielle-Biarrey,704,France,6,0.0,0.0,0.0,0.0,0.0,0.0,0.0,0.0,0.0,0.0,0.0,0.0,0.0,0.0,0.0,0.0,0.0,0.0,0.0,0.0,back-three,False,,False,,0.0,,0.0,0.0,
Emilien Gailleton,703,France,7,0.0,0.0,0.0,0.0,0.0,0.0,0.0,0.0,0.0,0.0,0.0,0.0,0.0,0.0,0.0,0.0,0.0,0.0,0.0,0.0,centres,False,,False,,0.0,,0.0,0.0,
Cameron Redpath,348,Scotland,7,0.0,0.0,0.0,0.0,0.0,0.0,0.0,0.0,0.0,0.0,0.0,0.0,0.0,0.0,0.0,0.0,0.0,0.0,0.0,0.0,centres,False,,False,,0.0,,0.0,0.0,
Pierre Schoeman,342,Scotland,12,26.6,25.4,12.4,12.4,0.0,2.0,27.0,0.0,0.0,60.0,0.0,0.0,0.0,0.0,0.0,0.0,0.0,0.0,0.0,0.0,front-row,True,2.1451612903225805,True,2.0483870967741935,12.4,2.096774193548387,52.0,52.0,26.0
Jack Willis,313,England,10,0.0,66.7,9.8,12.4,0.0,1.0,20.0,1.0,1.0,27.0,0.0,0.0,1.0,1.0,0.0,0.0,0.0,0.0,0.0,0.0,back-row,False,0.0,True,5.379032258064516,12.4,5.379032258064516,66.7,66.7,66.7
Richie Gray,296,Scotland,11,38.2,34.8,11.8,12.4,0.0,2.0,27.0,3.0,0.0,10.0,0.0,1.0,0.0,0.0,0.0,0.0,0.0,0.0,0.0,0.0,second-row,True,3.2372881355932206,True,2.8064516129032255,12.4,2.943548387096774,73.0,73.0,36.5
Jamie George,122,England,13,14.2,37.5,12.1,12.4,0.0,2.0,17.0,1.0,0.0,27.0,0.0,0.0,0.0,1.0,0.0,0.0,0.0,0.0,0.0,0.0,hooker,True,1.1735537190082643,True,3.0241935483870965,12.4,2.084677419354839,51.7,51.7,25.85
Jacob Stockdale,73,Ireland,6,0.0,0.0,0.0,0.0,0.0,0.0,0.0,0.0,0.0,0.0,0.0,0.0,0.0,0.0,0.0,0.0,0.0,0.0,0.0,0.0,back-three,False,,False,,0.0,,0.0,0.0,
Cian Healy,55,Ireland,12,0.0,0.0,0.0,0.0,0.0,0.0,0.0,0.0,0.0,0.0,0.0,0.0,0.0,0.0,0.0,0.0,0.0,0.0,0.0,0.0,front-row,False,,False,,0.0,,0.0,0.0,
Matteo Minozzi,43,Italy,6,0.0,0.0,0.0,0.0,0.0,0.0,0.0,0.0,0.0,0.0,0.0,0.0,0.0,0.0,0.0,0.0,0.0,0.0,0.0,0.0,back-three,False,,False,,0.0,,0.0,0.0,
Ethan Dumortier,701,France,7,35.2,33.6,11.6,12.3,0.0,2.0,3.0,0.0,3.0,109.0,0.0,0.0,0.0,1.0,0.0,0.0,0.0,0.0,0.0,0.0,centres,True,3.03448275862069,True,2.7317073170731705,12.3,2.796747967479675,68.80000000000001,68.80000000000001,34.400000000000006
Andrew Porter,74,Ireland,12,23.3,31.3,12.1,12.2,0.0,2.0,17.0,0.0,0.0,42.0,0.0,0.0,0.0,1.0,0.0,0.0,0.0,0.0,0.0,0.0,front-row,True,1.9256198347107438,True,2.5655737704918034,12.2,2.237704918032787,54.6,54.6,27.3
Tommaso Allan,30,Italy,8,43.6,27.2,12.0,12.2,0.0,2.0,18.0,0.0,0.0,144.0,0.0,0.0,0.0,0.0,0.0,2.0,4.0,0.0,0.0,0.0,fly-half,True,3.6333333333333333,True,2.2295081967213117,12.2,2.901639344262295,70.8,70.8,35.4
Jack van Poortvliet,687,England,9,21.0,21.8,12.2,12.1,0.0,2.0,4.0,0.0,2.0,59.0,0.0,0.0,0.0,0.0,1.0,0.0,0.0,0.0,0.0,0.0,scrum-half,True,1.7213114754098362,True,1.8016528925619837,12.1,1.768595041322314,42.8,42.8,21.4
Alex Mitchell,428,England,9,0.0,14.2,11.7,12.1,0.0,1.0,5.0,0.0,0.0,1.0,0.0,0.0,0.0,0.0,1.0,0.0,0.0,0.0,0.0,0.0,scrum-half,False,0.0,True,1.1735537190082643,12.1,1.1735537190082643,14.2,14.2,14.2
Nick Isiekwe,403,England,11,8.6,4.5,12.2,12.1,0.0,2.0,4.0,1.0,0.0,3.0,0.0,0.0,0.0,0.0,0.0,0.0,0.0,0.0,0.0,0.0,second-row,True,0.7049180327868853,True,0.37190082644628103,12.1,0.5413223140495868,13.1,13.1,6.55
Joe Marchant,309,England,7,17.6,0.0,12.4,12.1,0.0,1.0,6.0,0.0,0.0,58.0,0.0,0.0,0.0,0.0,0.0,0.0,0.0,0.0,0.0,0.0,centres,True,1.4193548387096775,False,0.0,12.1,1.4545454545454548,17.6,17.6,17.6
Uini Atonio,242,France,12,17.5,18.2,12.1,12.1,0.0,2.0,17.0,2.0,0.0,23.0,0.0,0.0,0.0,0.0,0.0,0.0,0.0,0.0,1.0,0.0,front-row,True,1.4462809917355373,True,1.5041322314049586,12.1,1.475206611570248,35.7,35.7,17.85
Stuart McCloskey,257,Ireland,7,26.2,30.4,11.4,12.0,0.0,2.0,10.0,0.0,0.0,135.0,0.0,0.0,1.0,0.0,0.0,0.0,0.0,0.0,0.0,0.0,centres,True,2.2982456140350878,True,2.533333333333333,12.0,2.358333333333333,56.599999999999994,56.599999999999994,28.299999999999997
Jake Polledri,44,Italy,10,0.0,13.2,11.7,12.0,0.0,1.0,1.0,1.0,0.0,26.0,0.0,0.0,0.0,0.0,0.0,0.0,0.0,0.0,0.0,0.0,back-row,False,0.0,True,1.0999999999999999,12.0,1.0999999999999999,13.2,13.2,13.2
Michele Lamaro,395,Italy,10,19.0,1.0,12.3,11.9,0.0,2.0,10.0,0.0,0.0,50.0,0.0,0.0,0.0,0.0,0.0,0.0,0.0,0.0,0.0,0.0,back-row,True,1.5447154471544715,True,0.08403361344537814,11.9,0.8403361344537815,20.0,20.0,10.0
Rhys Carre,161,Wales,12,10.0,6.6,12.1,11.9,0.0,2.0,5.0,0.0,0.0,23.0,0.0,0.0,1.0,0.0,0.0,0.0,0.0,0.0,0.0,0.0,front-row,True,0.8264462809917356,True,0.5546218487394957,11.9,0.6974789915966387,16.6,16.6,8.3
Sione Tuipulotu,346,Scotland,7,44.6,22.4,12.1,11.8,0.0,2.0,22.0,1.0,0.0,79.0,0.0,0.0,0.0,0.0,1.0,0.0,0.0,0.0,0.0,0.0,centres,True,3.6859504132231407,True,1.8983050847457625,11.8,2.8389830508474576,67.0,67.0,33.5
Ronan Kelleher,183,Ireland,13,0.0,36.1,10.8,11.8,0.0,1.0,9.0,2.0,0.0,38.0,0.0,0.0,0.0,0.0,0.0,0.0,0.0,0.0,0.0,0.0,hooker,False,0.0,True,3.059322033898305,11.8,3.059322033898305,36.1,36.1,36.1
Adam Beard,24,Wales,11,28.4,11.4,12.8,11.8,0.0,2.0,20.0,2.0,0.0,29.0,0.0,0.0,0.0,0.0,0.0,0.0,0.0,0.0,0.0,0.0,second-row,True,2.2187499999999996,True,0.9661016949152542,11.8,1.6864406779661014,39.8,39.8,19.9
Henry Arundell,964,England,6,,21.0,11.0,11.7,0.0,1.0,1.0,0.0,0.0,12.0,0.0,0.0,0.0,1.0,0.0,0.0,0.0,0.0,0.0,0.0,back-three,True,,True,1.794871794871795,11.7,1.794871794871795,21.0,21.0,21.0
Tomas Francis,261,Wales,12,30.0,0.0,11.9,11.7,0.0,1.0,9.0,3.0,0.0,0.0,0.0,0.0,0.0,0.0,0.0,0.0,0.0,0.0,0.0,0.0,front-row,True,2.5210084033613445,False,0.0,11.7,2.5641025641025643,30.0,30.0,30.0
Wyn Jones,21,Wales,12,0.0,14.8,11.7,11.7,0.0,1.0,4.0,1.0,0.0,19.0,0.0,0.0,0.0,0.0,0.0,0.0,0.0,0.0,0.0,0.0,front-row,False,0.0,True,1.2649572649572651,11.7,1.2649572649572651,14.8,14.8,14.8
Lorenzo Cannone,710,Italy,11,28.2,17.8,11.4,11.6,0.0,2.0,19.0,1.0,0.0,90.0,0.0,0.0,1.0,0.0,0.0,0.0,0.0,0.0,1.0,0.0,second-row,True,2.4736842105263155,True,1.5344827586206897,11.6,1.9827586206896552,46.0,46.0,23.0
Sekou Macalou,198,France,10,12.9,11.6,11.4,11.6,0.0,2.0,11.0,0.0,0.0,23.0,0.0,0.0,1.0,0.0,0.0,0.0,0.0,0.0,0.0,0.0,back-row,True,1.131578947368421,True,1.0,11.6,1.0560344827586208,24.5,24.5,12.25
Niccolo Cannone,173,Italy,11,30.2,10.2,12.5,11.6,0.0,2.0,18.0,2.0,0.0,42.0,0.0,0.0,0.0,0.0,0.0,0.0,0.0,0.0,0.0,0.0,second-row,True,2.416,True,0.8793103448275862,11.6,1.7413793103448276,40.4,40.4,20.2
Danilo Fischetti,171,Italy,12,37.2,29.4,10.9,11.6,0.0,2.0,14.0,5.0,1.0,53.0,0.0,0.0,0.0,0.0,0.0,0.0,0.0,0.0,0.0,0.0,front-row,True,3.4128440366972477,True,2.5344827586206895,11.6,2.8706896551724137,66.6,66.6,33.3
Luca Morisi,34,Italy,7,32.6,15.4,11.5,11.6,0.0,2.0,21.0,1.0,0.0,100.0,0.0,0.0,0.0,0.0,0.0,0.0,0.0,0.0,0.0,0.0,centres,True,2.8347826086956522,True,1.3275862068965518,11.6,2.0689655172413794,48.0,48.0,24.0
Tomos Williams,27,Wales,9,9.8,13.6,11.7,11.6,0.0,2.0,10.0,1.0,0.0,32.0,0.0,0.0,0.0,0.0,0.0,0.0,0.0,0.0,0.0,0.0,scrum-half,True,0.8376068376068377,True,1.1724137931034482,11.6,1.0086206896551724,23.4,23.4,11.7
Jimmy O'Brien,421,Ireland,6,0.0,0.0,0.0,0.0,0.0,0.0,0.0,0.0,0.0,0.0,0.0,0.0,0.0,0.0,0.0,0.0,0.0,0.0,0.0,0.0,back-three,False,,False,,0.0,,0.0,0.0,
Matthis Lebel,379,France,6,0.0,0.0,0.0,0.0,0.0,0.0,0.0,0.0,0.0,0.0,0.0,0.0,0.0,0.0,0.0,0.0,0.0,0.0,0.0,0.0,back-three,False,,False,,0.0,,0.0,0.0,
Jonny Hill,311,England,11,0.0,0.0,0.0,0.0,0.0,0.0,0.0,0.0,0.0,0.0,0.0,0.0,0.0,0.0,0.0,0.0,0.0,0.0,0.0,0.0,second-row,False,,False,,0.0,,0.0,0.0,
Kieran Hardy,265,Wales,9,0.0,0.0,0.0,0.0,0.0,0.0,0.0,0.0,0.0,0.0,0.0,0.0,0.0,0.0,0.0,0.0,0.0,0.0,0.0,0.0,scrum-half,False,,False,,0.0,,0.0,0.0,
Ryan Baird,258,Ireland,11,0.0,0.0,0.0,0.0,0.0,0.0,0.0,0.0,0.0,0.0,0.0,0.0,0.0,0.0,0.0,0.0,0.0,0.0,0.0,0.0,second-row,False,,False,,0.0,,0.0,0.0,
Mohamed Haouas,214,France,12,0.0,0.0,0.0,0.0,0.0,0.0,0.0,0.0,0.0,0.0,0.0,0.0,0.0,0.0,0.0,0.0,0.0,0.0,0.0,0.0,front-row,False,,False,,0.0,,0.0,0.0,
Dylan Cretin,211,France,10,0.0,0.0,0.0,0.0,0.0,0.0,0.0,0.0,0.0,0.0,0.0,0.0,0.0,0.0,0.0,0.0,0.0,0.0,0.0,0.0,back-row,False,,False,,0.0,,0.0,0.0,
Keith Earls,70,Ireland,6,0.0,0.0,0.0,0.0,0.0,0.0,0.0,0.0,0.0,0.0,0.0,0.0,0.0,0.0,0.0,0.0,0.0,0.0,0.0,0.0,back-three,False,,False,,0.0,,0.0,0.0,
Federico Ruzza,45,Italy,11,45.0,31.4,11.1,11.5,0.0,2.0,17.0,3.0,2.0,87.0,0.0,1.0,0.0,0.0,0.0,0.0,0.0,0.0,0.0,0.0,second-row,True,4.054054054054054,True,2.7304347826086954,11.5,3.321739130434783,76.4,76.4,38.2
Edoardo Padovani,37,Italy,6,3.8,10.2,12.0,11.5,0.0,2.0,4.0,0.0,0.0,50.0,0.0,0.0,0.0,0.0,0.0,0.0,0.0,0.0,0.0,0.0,back-three,True,0.31666666666666665,True,0.8869565217391304,11.5,0.6086956521739131,14.0,14.0,7.0
Aaron Wainwright,28,Wales,10,0.0,0.0,0.0,0.0,0.0,0.0,0.0,0.0,0.0,0.0,0.0,0.0,0.0,0.0,0.0,0.0,0.0,0.0,0.0,0.0,back-row,False,,False,,0.0,,0.0,0.0,
Leigh Halfpenny,6,Wales,6,0.0,0.0,0.0,0.0,0.0,0.0,0.0,0.0,0.0,0.0,0.0,0.0,0.0,0.0,0.0,0.0,0.0,0.0,0.0,0.0,back-three,False,,False,,0.0,,0.0,0.0,
Ross Byrne,178,Ireland,8,5.4,15.2,11.1,11.4,0.0,2.0,3.0,0.0,0.0,21.0,0.0,0.0,0.0,0.0,0.0,2.0,1.0,0.0,0.0,0.0,fly-half,True,0.4864864864864865,True,1.3333333333333333,11.4,0.9035087719298246,20.6,20.6,10.3
Rob Herring,176,Ireland,13,5.5,9.9,11.2,11.3,0.0,2.0,10.0,0.0,0.0,11.0,0.0,0.0,0.0,0.0,0.0,0.0,0.0,0.0,0.0,0.0,hooker,True,0.4910714285714286,True,0.8761061946902655,11.3,0.6814159292035398,15.4,15.4,7.7
Ollie Lawrence,314,England,7,2.0,61.6,9.3,11.2,1.0,2.0,8.0,0.0,1.0,93.0,0.0,0.0,1.0,0.0,0.0,0.0,0.0,0.0,0.0,0.0,centres,True,0.2150537634408602,True,5.500000000000001,11.2,2.8392857142857144,63.6,63.6,31.8
Scott Cummings,189,Scotland,11,0.0,0.0,0.0,0.0,0.0,0.0,0.0,0.0,0.0,0.0,0.0,0.0,0.0,0.0,0.0,0.0,0.0,0.0,0.0,0.0,second-row,False,,False,,0.0,,0.0,0.0,
Ben Curry,685,England,10,44.4,0.0,11.3,11.1,0.0,1.0,9.0,4.0,0.0,37.0,0.0,0.0,0.0,0.0,0.0,0.0,0.0,0.0,0.0,0.0,back-row,True,3.9292035398230083,False,0.0,11.1,4.0,44.4,44.4,44.4
Tommy Reffell,677,Wales,10,8.0,24.0,11.0,11.1,0.0,2.0,21.0,1.0,0.0,20.0,0.0,0.0,0.0,0.0,0.0,0.0,0.0,0.0,0.0,0.0,back-row,True,0.7272727272727273,True,2.1621621621621623,11.1,1.4414414414414416,32.0,32.0,16.0
Ben White,352,Scotland,9,49.1,14.5,11.2,11.1,0.0,2.0,13.0,1.0,1.0,44.0,0.0,0.0,0.0,1.0,0.0,0.0,0.0,0.0,0.0,0.0,scrum-half,True,4.383928571428572,True,1.3063063063063063,11.1,2.864864864864865,63.6,63.6,31.8
Luca Bigi,46,Italy,13,0.0,9.0,10.9,11.1,0.0,2.0,2.0,1.0,0.0,0.0,0.0,0.0,0.0,0.0,0.0,0.0,0.0,0.0,0.0,0.0,hooker,False,0.0,True,0.8108108108108109,11.1,0.40540540540540543,9.0,9.0,4.5
Ollie Hassell-Collins,363,England,6,20.2,12.8,11.1,11.0,0.0,2.0,6.0,0.0,0.0,108.0,0.0,0.0,0.0,0.0,0.0,0.0,0.0,0.0,0.0,0.0,back-three,True,1.8198198198198199,True,1.1636363636363638,11.0,1.5,33.0,33.0,16.5
WP Nel,88,Scotland,12,17.4,2.6,11.0,10.9,0.0,2.0,12.0,0.0,0.0,3.0,0.0,0.0,0.0,0.0,0.0,0.0,0.0,0.0,0.0,0.0,front-row,True,1.5818181818181818,True,0.23853211009174313,10.9,0.9174311926605504,20.0,20.0,10.0
Rhys Webb,8,Wales,9,9.2,-3.0,11.2,10.8,0.0,2.0,4.0,1.0,0.0,1.0,0.0,0.0,0.0,0.0,0.0,0.0,0.0,0.0,1.0,0.0,scrum-half,True,0.8214285714285714,True,-0.27777777777777773,10.8,0.287037037037037,6.199999999999999,6.199999999999999,3.0999999999999996
Guy Porter,958,England,7,0.0,0.0,0.0,0.0,0.0,0.0,0.0,0.0,0.0,0.0,0.0,0.0,0.0,0.0,0.0,0.0,0.0,0.0,0.0,0.0,centres,False,,False,,0.0,,0.0,0.0,
Alessandro Garbisi,712,Italy,9,0.0,0.0,0.0,0.0,0.0,0.0,0.0,0.0,0.0,0.0,0.0,0.0,0.0,0.0,0.0,0.0,0.0,0.0,0.0,0.0,scrum-half,False,,False,,0.0,,0.0,0.0,
Julien Delbouis,700,France,7,0.0,0.0,0.0,0.0,0.0,0.0,0.0,0.0,0.0,0.0,0.0,0.0,0.0,0.0,0.0,0.0,0.0,0.0,0.0,0.0,centres,False,,False,,0.0,,0.0,0.0,
Romain Buros,698,France,6,0.0,0.0,0.0,0.0,0.0,0.0,0.0,0.0,0.0,0.0,0.0,0.0,0.0,0.0,0.0,0.0,0.0,0.0,0.0,0.0,back-three,False,,False,,0.0,,0.0,0.0,
Ruaridh McConnochie,692,Scotland,6,0.0,0.0,0.0,0.0,0.0,0.0,0.0,0.0,0.0,0.0,0.0,0.0,0.0,0.0,0.0,0.0,0.0,0.0,0.0,0.0,back-three,False,,False,,0.0,,0.0,0.0,
Cadan Murley,686,England,6,0.0,0.0,0.0,0.0,0.0,0.0,0.0,0.0,0.0,0.0,0.0,0.0,0.0,0.0,0.0,0.0,0.0,0.0,0.0,0.0,back-three,False,,False,,0.0,,0.0,0.0,
Keiran Williams,675,Wales,7,0.0,0.0,0.0,0.0,0.0,0.0,0.0,0.0,0.0,0.0,0.0,0.0,0.0,0.0,0.0,0.0,0.0,0.0,0.0,0.0,centres,False,,False,,0.0,,0.0,0.0,
Joe McCarthy,434,Ireland,11,0.0,0.0,0.0,0.0,0.0,0.0,0.0,0.0,0.0,0.0,0.0,0.0,0.0,0.0,0.0,0.0,0.0,0.0,0.0,0.0,second-row,False,,False,,0.0,,0.0,0.0,
Ollie Smith,424,Scotland,7,0.0,0.0,0.0,0.0,0.0,0.0,0.0,0.0,0.0,0.0,0.0,0.0,0.0,0.0,0.0,0.0,0.0,0.0,0.0,0.0,centres,False,,False,,0.0,,0.0,0.0,
Pierre-Louis Barassi,415,France,7,0.0,0.0,0.0,0.0,0.0,0.0,0.0,0.0,0.0,0.0,0.0,0.0,0.0,0.0,0.0,0.0,0.0,0.0,0.0,0.0,centres,False,,False,,0.0,,0.0,0.0,
Ben Earl,233,England,10,17.4,10.7,10.5,10.6,0.0,2.0,8.0,1.0,0.0,52.0,0.0,0.0,0.0,0.0,0.0,0.0,0.0,0.0,0.0,0.0,back-row,True,1.657142857142857,True,1.0094339622641508,10.6,1.3254716981132075,28.099999999999998,28.099999999999998,14.049999999999999
Rory Sutherland,187,Scotland,12,0.0,0.0,0.0,0.0,0.0,0.0,0.0,0.0,0.0,0.0,0.0,0.0,0.0,0.0,0.0,0.0,0.0,0.0,0.0,0.0,front-row,False,,False,,0.0,,0.0,0.0,
Sean Maitland,77,Scotland,6,0.0,0.0,0.0,0.0,0.0,0.0,0.0,0.0,0.0,0.0,0.0,0.0,0.0,0.0,0.0,0.0,0.0,0.0,0.0,0.0,back-three,False,,False,,0.0,,0.0,0.0,
Jordan Larmour,75,Ireland,6,0.0,0.0,0.0,0.0,0.0,0.0,0.0,0.0,0.0,0.0,0.0,0.0,0.0,0.0,0.0,0.0,0.0,0.0,0.0,0.0,back-three,False,,False,,0.0,,0.0,0.0,
Ollie Chessum,369,England,11,20.4,45.4,9.3,10.4,0.0,2.0,14.0,1.0,0.0,109.0,0.0,0.0,0.0,1.0,0.0,0.0,0.0,0.0,0.0,0.0,second-row,True,2.193548387096774,True,4.365384615384615,10.4,3.1634615384615383,65.8,65.8,32.9
Fraser Brown,87,Scotland,13,5.6,15.5,10.0,10.4,0.0,2.0,6.0,0.0,0.0,16.0,0.0,0.0,1.0,0.0,0.0,0.0,0.0,0.0,0.0,0.0,hooker,True,0.5599999999999999,True,1.4903846153846154,10.4,1.0144230769230769,21.1,21.1,10.55
Alessandro Fusco,396,Italy,6,0.0,24.6,9.0,10.3,0.0,2.0,1.0,1.0,0.0,8.0,0.0,0.0,0.0,1.0,0.0,0.0,0.0,0.0,0.0,0.0,back-three,False,0.0,True,2.3883495145631066,10.3,1.1941747572815533,24.6,24.6,12.3
David Ribbans,308,England,11,0.0,0.0,0.0,0.0,0.0,0.0,0.0,0.0,0.0,0.0,0.0,0.0,0.0,0.0,0.0,0.0,0.0,0.0,0.0,0.0,second-row,False,,False,,0.0,,0.0,0.0,
David Kilcoyne,63,Ireland,12,6.1,5.9,10.2,10.3,0.0,2.0,8.0,0.0,0.0,11.0,0.0,0.0,0.0,0.0,0.0,0.0,0.0,0.0,0.0,0.0,front-row,True,0.5980392156862745,True,0.5728155339805825,10.3,0.5825242718446602,12.0,12.0,6.0
Joe Hawkins,681,Wales,7,35.0,12.2,10.6,10.2,0.0,2.0,13.0,1.0,1.0,101.0,0.0,0.0,0.0,0.0,0.0,0.0,0.0,0.0,0.0,0.0,centres,True,3.30188679245283,True,1.196078431372549,10.2,2.3137254901960786,47.2,47.2,23.6
Sipili Falatea,430,France,12,5.9,17.0,9.9,10.2,0.0,2.0,9.0,1.0,0.0,20.0,0.0,0.0,0.0,0.0,0.0,0.0,0.0,0.0,0.0,0.0,front-row,True,0.595959595959596,True,1.6666666666666667,10.2,1.1225490196078431,22.9,22.9,11.45
Scott Baldwin,956,Wales,13,5.8,5.6,10.0,10.0,0.0,2.0,6.0,0.0,0.0,27.0,0.0,0.0,0.0,0.0,0.0,0.0,0.0,0.0,0.0,0.0,hooker,True,0.58,True,0.5599999999999999,10.0,0.57,11.399999999999999,11.399999999999999,5.699999999999999
Juan Ignacio Brex,393,Italy,7,22.0,22.4,10.0,10.0,0.0,2.0,8.0,0.0,0.0,182.0,0.0,0.0,0.0,0.0,0.0,0.0,0.0,0.0,0.0,0.0,centres,True,2.2,True,2.2399999999999998,10.0,2.2199999999999998,44.4,44.4,22.2
Manuel Zuliani,398,Italy,11,3.2,42.2,8.0,9.9,0.0,2.0,9.0,2.0,0.0,77.0,0.0,0.0,1.0,0.0,0.0,0.0,0.0,0.0,0.0,0.0,second-row,True,0.4,True,4.262626262626263,9.9,2.2929292929292933,45.400000000000006,45.400000000000006,22.700000000000003
Gareth Thomas,333,Wales,12,29.2,0.0,10.1,9.9,0.0,1.0,11.0,2.0,0.0,21.0,0.0,0.0,0.0,0.0,0.0,0.0,0.0,0.0,0.0,0.0,front-row,True,2.891089108910891,False,0.0,9.9,2.9494949494949494,29.2,29.2,29.2
Jamie Blamire,359,England,13,0.0,0.0,0.0,0.0,0.0,0.0,0.0,0.0,0.0,0.0,0.0,0.0,0.0,0.0,0.0,0.0,0.0,0.0,0.0,0.0,hooker,False,,False,,0.0,,0.0,0.0,
Giovanni Pettinelli,276,Italy,10,2.0,0.0,10.0,9.8,0.0,1.0,0.0,0.0,0.0,10.0,0.0,0.0,0.0,0.0,0.0,0.0,0.0,0.0,0.0,0.0,back-row,True,0.2,False,0.0,9.8,0.2040816326530612,2.0,2.0,2.0
Reda Wardi,697,France,12,9.9,15.2,9.3,9.7,0.0,2.0,13.0,1.0,0.0,11.0,0.0,0.0,0.0,0.0,0.0,0.0,0.0,0.0,0.0,0.0,front-row,True,1.064516129032258,True,1.5670103092783505,9.7,1.2938144329896908,25.1,25.1,12.55
Luke Crosbie,194,Scotland,10,45.6,23.9,9.1,9.7,0.0,2.0,28.0,4.0,0.0,19.0,0.0,0.0,0.0,0.0,0.0,0.0,0.0,0.0,0.0,0.0,back-row,True,5.010989010989011,True,2.463917525773196,9.7,3.582474226804124,69.5,69.5,34.75
Enrico Lucchin,707,Italy,7,0.0,0.0,0.0,0.0,0.0,0.0,0.0,0.0,0.0,0.0,0.0,0.0,0.0,0.0,0.0,0.0,0.0,0.0,0.0,0.0,centres,False,,False,,0.0,,0.0,0.0,
Nolann Le Garrec,702,France,9,0.0,0.0,0.0,0.0,0.0,0.0,0.0,0.0,0.0,0.0,0.0,0.0,0.0,0.0,0.0,0.0,0.0,0.0,0.0,0.0,scrum-half,False,,False,,0.0,,0.0,0.0,
Thomas Jolmes,699,France,11,0.0,0.0,0.0,0.0,0.0,0.0,0.0,0.0,0.0,0.0,0.0,0.0,0.0,0.0,0.0,0.0,0.0,0.0,0.0,0.0,second-row,False,,False,,0.0,,0.0,0.0,
Bastien Chalureau,696,France,11,0.0,0.0,0.0,0.0,0.0,0.0,0.0,0.0,0.0,0.0,0.0,0.0,0.0,0.0,0.0,0.0,0.0,0.0,0.0,0.0,second-row,False,,False,,0.0,,0.0,0.0,
Stafford McDowall,693,Scotland,7,0.0,0.0,0.0,0.0,0.0,0.0,0.0,0.0,0.0,0.0,0.0,0.0,0.0,0.0,0.0,0.0,0.0,0.0,0.0,0.0,centres,False,,False,,0.0,,0.0,0.0,
Fin Smith,689,England,8,0.0,0.0,0.0,0.0,0.0,0.0,0.0,0.0,0.0,0.0,0.0,0.0,0.0,0.0,0.0,0.0,0.0,0.0,0.0,0.0,fly-half,False,,False,,0.0,,0.0,0.0,
Mason Grady,680,Wales,7,0.0,0.0,0.0,0.0,0.0,0.0,0.0,0.0,0.0,0.0,0.0,0.0,0.0,0.0,0.0,0.0,0.0,0.0,0.0,0.0,centres,False,,False,,0.0,,0.0,0.0,
Teddy Williams,679,Wales,11,0.0,0.0,0.0,0.0,0.0,0.0,0.0,0.0,0.0,0.0,0.0,0.0,0.0,0.0,0.0,0.0,0.0,0.0,0.0,0.0,second-row,False,,False,,0.0,,0.0,0.0,
Alexandre Becognee,416,France,10,0.0,0.0,0.0,0.0,0.0,0.0,0.0,0.0,0.0,0.0,0.0,0.0,0.0,0.0,0.0,0.0,0.0,0.0,0.0,0.0,back-row,False,,False,,0.0,,0.0,0.0,
Thomas Lavault,407,France,11,0.0,0.0,0.0,0.0,0.0,0.0,0.0,0.0,0.0,0.0,0.0,0.0,0.0,0.0,0.0,0.0,0.0,0.0,0.0,0.0,second-row,False,,False,,0.0,,0.0,0.0,
Giacomo Nicotera,401,Italy,13,30.4,21.6,9.0,9.6,0.0,2.0,25.0,1.0,0.0,65.0,0.0,0.0,1.0,0.0,0.0,0.0,0.0,0.0,0.0,0.0,hooker,True,3.3777777777777778,True,2.2500000000000004,9.6,2.7083333333333335,52.0,52.0,26.0
Dillon Lewis,23,Wales,12,6.4,12.4,9.8,9.6,0.0,2.0,13.0,0.0,0.0,29.0,0.0,0.0,0.0,0.0,0.0,0.0,0.0,0.0,0.0,0.0,front-row,True,0.6530612244897959,True,1.2916666666666667,9.6,0.9791666666666667,18.8,18.8,9.4
Jack Dempsey,690,Scotland,10,10.8,8.4,9.4,9.3,0.0,2.0,8.0,0.0,0.0,27.0,0.0,0.0,0.0,0.0,0.0,0.0,0.0,0.0,0.0,0.0,back-row,True,1.148936170212766,True,0.9032258064516129,9.3,1.032258064516129,19.200000000000003,19.200000000000003,9.600000000000001
Tommaso Menoncello,400,Italy,6,14.6,20.6,9.0,9.3,0.0,2.0,7.0,0.0,2.0,71.0,0.0,0.0,0.0,0.0,0.0,0.0,0.0,0.0,0.0,0.0,back-three,True,1.6222222222222222,True,2.21505376344086,9.3,1.89247311827957,35.2,35.2,17.6
Christ Tshiunza,341,Wales,11,0.0,24.0,8.8,9.3,0.0,1.0,7.0,0.0,0.0,50.0,0.0,1.0,0.0,0.0,0.0,0.0,0.0,0.0,0.0,0.0,second-row,False,0.0,True,2.5806451612903225,9.3,2.5806451612903225,24.0,24.0,24.0
Dafydd Jenkins,682,Wales,11,10.0,14.0,9.4,9.2,0.0,2.0,11.0,0.0,0.0,65.0,0.0,0.0,0.0,0.0,0.0,0.0,0.0,0.0,0.0,0.0,second-row,True,1.0638297872340425,True,1.5217391304347827,9.2,1.3043478260869565,24.0,24.0,12.0
George Horne,190,Scotland,9,2.1,6.7,9.0,9.2,0.0,2.0,4.0,0.0,0.0,8.0,0.0,0.0,0.0,0.0,0.0,0.0,0.0,0.0,0.0,0.0,scrum-half,True,0.23333333333333334,True,0.7282608695652175,9.2,0.47826086956521746,8.8,8.8,4.4
Jack Walker,684,England,13,0.0,5.5,8.8,9.1,0.0,1.0,3.0,0.0,0.0,9.0,0.0,0.0,0.0,0.0,0.0,0.0,0.0,0.0,0.0,0.0,hooker,False,0.0,True,0.6043956043956045,9.1,0.6043956043956045,5.5,5.5,5.5
Pierre Bruno,392,Italy,6,15.2,5.4,9.2,9.0,0.0,2.0,6.0,0.0,0.0,73.0,0.0,0.0,0.0,0.0,0.0,0.0,0.0,0.0,0.0,0.0,back-three,True,1.6521739130434783,True,0.6000000000000001,9.0,1.1444444444444446,20.6,20.6,10.3
Tom Dunn,224,England,13,0.0,0.0,0.0,0.0,0.0,0.0,0.0,0.0,0.0,0.0,0.0,0.0,0.0,0.0,0.0,0.0,0.0,0.0,0.0,0.0,hooker,False,,False,,0.0,,0.0,0.0,
Dan Cole,134,England,12,1.0,6.7,8.9,9.0,0.0,2.0,3.0,0.0,0.0,8.0,0.0,0.0,0.0,0.0,0.0,0.0,0.0,0.0,0.0,0.0,front-row,True,0.11235955056179775,True,0.7444444444444445,9.0,0.4277777777777778,7.7,7.7,3.85
Gaetan Barlot,380,France,13,12.9,5.6,8.6,8.9,0.0,2.0,6.0,1.0,0.0,18.0,0.0,0.0,0.0,0.0,0.0,0.0,0.0,0.0,0.0,0.0,hooker,True,1.5,True,0.6292134831460674,8.9,1.0393258426966292,18.5,18.5,9.25
Stephen Varney,281,Italy,9,9.4,12.0,8.9,8.9,0.0,2.0,3.0,1.0,0.0,22.0,0.0,0.0,0.0,0.0,1.0,0.0,0.0,0.0,0.0,0.0,scrum-half,True,1.0561797752808988,True,1.348314606741573,8.9,1.2022471910112358,21.4,21.4,10.7
Caolin Blade,961,Ireland,9,0.0,0.0,0.0,0.0,0.0,0.0,0.0,0.0,0.0,0.0,0.0,0.0,0.0,0.0,0.0,0.0,0.0,0.0,0.0,0.0,scrum-half,False,,False,,0.0,,0.0,0.0,
Rhys Davies,678,Wales,11,0.0,1.2,8.8,8.8,0.0,1.0,1.0,0.0,0.0,1.0,0.0,0.0,0.0,0.0,0.0,0.0,0.0,0.0,0.0,0.0,second-row,False,0.0,True,0.13636363636363635,8.8,0.13636363636363635,1.2,1.2,1.2
Rhys Patchell,266,Wales,8,0.0,4.6,8.8,8.8,0.0,1.0,1.0,0.0,0.0,18.0,0.0,0.0,0.0,0.0,0.0,0.0,0.0,0.0,0.0,0.0,fly-half,False,0.0,True,0.5227272727272726,8.8,0.5227272727272726,4.6,4.6,4.6
Marco Riccioni,168,Italy,12,0.0,25.0,7.9,8.8,0.0,1.0,7.0,0.0,0.0,15.0,0.0,0.0,0.0,1.0,0.0,0.0,0.0,0.0,0.0,0.0,front-row,False,0.0,True,2.840909090909091,8.8,2.840909090909091,25.0,25.0,25.0
Pietro Ceccarelli,167,Italy,12,2.4,0.0,8.9,8.8,0.0,1.0,0.0,0.0,0.0,12.0,0.0,0.0,0.0,0.0,0.0,0.0,0.0,0.0,0.0,0.0,front-row,True,0.2696629213483146,False,0.0,8.8,0.2727272727272727,2.4,2.4,2.4
Jack Crowley,705,Ireland,8,0.0,0.0,0.0,0.0,0.0,0.0,0.0,0.0,0.0,0.0,0.0,0.0,0.0,0.0,0.0,0.0,0.0,0.0,0.0,0.0,fly-half,False,,False,,0.0,,0.0,0.0,
Ben Healy,695,Scotland,8,0.0,0.0,0.0,0.0,0.0,0.0,0.0,0.0,0.0,0.0,0.0,0.0,0.0,0.0,0.0,0.0,0.0,0.0,0.0,0.0,fly-half,False,,False,,0.0,,0.0,0.0,
Dave Cherry,691,Scotland,13,0.0,0.0,0.0,0.0,0.0,0.0,0.0,0.0,0.0,0.0,0.0,0.0,0.0,0.0,0.0,0.0,0.0,0.0,0.0,0.0,hooker,False,,False,,0.0,,0.0,0.0,
Tommy Freeman,368,England,6,0.0,0.0,0.0,0.0,0.0,0.0,0.0,0.0,0.0,0.0,0.0,0.0,0.0,0.0,0.0,0.0,0.0,0.0,0.0,0.0,back-three,False,,False,,0.0,,0.0,0.0,
Sam Skinner,246,Scotland,10,0.0,0.0,0.0,0.0,0.0,0.0,0.0,0.0,0.0,0.0,0.0,0.0,0.0,0.0,0.0,0.0,0.0,0.0,0.0,0.0,back-row,False,,False,,0.0,,0.0,0.0,
Clement Castets,253,France,12,0.0,0.0,0.0,0.0,0.0,0.0,0.0,0.0,0.0,0.0,0.0,0.0,0.0,0.0,0.0,0.0,0.0,0.0,0.0,0.0,front-row,False,,False,,0.0,,0.0,0.0,
Craig Casey,327,Ireland,9,9.8,6.2,8.4,8.5,0.0,2.0,2.0,0.0,0.0,15.0,0.0,0.0,0.0,0.0,1.0,0.0,0.0,0.0,0.0,0.0,scrum-half,True,1.1666666666666667,True,0.7294117647058824,8.5,0.9411764705882353,16.0,16.0,8.0
Leon Brown,156,Wales,12,0.0,9.6,7.9,8.3,0.0,1.0,1.0,1.0,0.0,8.0,0.0,0.0,0.0,0.0,0.0,0.0,0.0,0.0,0.0,0.0,front-row,False,0.0,True,1.1566265060240963,8.3,1.1566265060240963,9.6,9.6,9.6
Simon Berghan,97,Scotland,12,10.2,0.0,8.4,8.3,0.0,1.0,8.0,0.0,0.0,0.0,0.0,0.0,0.0,0.0,0.0,0.0,0.0,0.0,0.0,0.0,front-row,True,1.2142857142857142,False,0.0,8.3,1.2289156626506021,10.2,10.2,10.2
Edoardo Iachizzi,959,Italy,10,1.8,5.2,8.0,8.2,0.0,2.0,0.0,0.0,0.0,35.0,0.0,0.0,0.0,0.0,0.0,0.0,0.0,0.0,0.0,0.0,back-row,True,0.225,True,0.6341463414634148,8.2,0.426829268292683,7.0,7.0,3.5
Baptiste Couilloud,255,France,9,0.0,0.0,0.0,0.0,0.0,0.0,0.0,0.0,0.0,0.0,0.0,0.0,0.0,0.0,0.0,0.0,0.0,0.0,0.0,0.0,scrum-half,False,,False,,0.0,,0.0,0.0,
Alexandre Roumat,238,France,11,0.0,0.0,0.0,0.0,0.0,0.0,0.0,0.0,0.0,0.0,0.0,0.0,0.0,0.0,0.0,0.0,0.0,0.0,0.0,0.0,second-row,False,,False,,0.0,,0.0,0.0,
Jamie Bhatti,101,Scotland,12,4.8,4.6,8.1,8.2,0.0,2.0,6.0,0.0,0.0,2.0,0.0,0.0,0.0,0.0,0.0,0.0,0.0,0.0,0.0,0.0,front-row,True,0.5925925925925926,True,0.5609756097560976,8.2,0.573170731707317,9.399999999999999,9.399999999999999,4.699999999999999
Federico Zani,166,Italy,12,1.8,3.4,8.0,8.0,0.0,2.0,1.0,0.0,0.0,21.0,0.0,0.0,0.0,0.0,0.0,0.0,0.0,0.0,0.0,0.0,front-row,True,0.225,True,0.425,8.0,0.325,5.2,5.2,2.6
Simone Ferrari,273,Italy,12,12.6,-1.2,8.1,7.9,0.0,2.0,13.0,0.0,0.0,17.0,0.0,0.0,0.0,0.0,0.0,0.0,0.0,0.0,1.0,0.0,front-row,True,1.5555555555555556,True,-0.15189873417721517,7.9,0.7215189873417721,11.4,11.4,5.7
Owen Williams,153,Wales,8,1.8,0.0,8.0,7.9,0.0,1.0,1.0,0.0,0.0,4.0,0.0,0.0,0.0,0.0,0.0,0.0,0.0,0.0,0.0,0.0,fly-half,True,0.225,False,0.0,7.9,0.22784810126582278,1.8,1.8,1.8
Tom Stewart,957,Ireland,13,0.0,0.0,0.0,0.0,0.0,0.0,0.0,0.0,0.0,0.0,0.0,0.0,0.0,0.0,0.0,0.0,0.0,0.0,0.0,0.0,hooker,False,,False,,0.0,,0.0,0.0,
Luca Rizzoli,711,Italy,12,0.0,0.0,0.0,0.0,0.0,0.0,0.0,0.0,0.0,0.0,0.0,0.0,0.0,0.0,0.0,0.0,0.0,0.0,0.0,0.0,front-row,False,,False,,0.0,,0.0,0.0,
Marco Manfredi,708,Italy,13,0.0,0.0,0.0,0.0,0.0,0.0,0.0,0.0,0.0,0.0,0.0,0.0,0.0,0.0,0.0,0.0,0.0,0.0,0.0,0.0,hooker,False,,False,,0.0,,0.0,0.0,
Jamie Osborne,706,Ireland,7,0.0,0.0,0.0,0.0,0.0,0.0,0.0,0.0,0.0,0.0,0.0,0.0,0.0,0.0,0.0,0.0,0.0,0.0,0.0,0.0,centres,False,,False,,0.0,,0.0,0.0,
Cameron Henderson,694,Scotland,11,0.0,0.0,0.0,0.0,0.0,0.0,0.0,0.0,0.0,0.0,0.0,0.0,0.0,0.0,0.0,0.0,0.0,0.0,0.0,0.0,second-row,False,,False,,0.0,,0.0,0.0,
Antoine Hastoy,375,France,8,0.0,0.0,0.0,0.0,0.0,0.0,0.0,0.0,0.0,0.0,0.0,0.0,0.0,0.0,0.0,0.0,0.0,0.0,0.0,0.0,fly-half,False,,False,,0.0,,0.0,0.0,
Bevan Rodd,364,England,12,0.0,0.0,0.0,0.0,0.0,0.0,0.0,0.0,0.0,0.0,0.0,0.0,0.0,0.0,0.0,0.0,0.0,0.0,0.0,0.0,front-row,False,,False,,0.0,,0.0,0.0,
Joe Heyes,362,England,12,0.0,0.0,0.0,0.0,0.0,0.0,0.0,0.0,0.0,0.0,0.0,0.0,0.0,0.0,0.0,0.0,0.0,0.0,0.0,0.0,front-row,False,,False,,0.0,,0.0,0.0,
Ewan Ashman,354,Scotland,13,0.0,0.0,0.0,0.0,0.0,0.0,0.0,0.0,0.0,0.0,0.0,0.0,0.0,0.0,0.0,0.0,0.0,0.0,0.0,0.0,hooker,False,,False,,0.0,,0.0,0.0,
Bradley Roberts,334,Wales,13,0.0,0.0,0.0,0.0,0.0,0.0,0.0,0.0,0.0,0.0,0.0,0.0,0.0,0.0,0.0,0.0,0.0,0.0,0.0,0.0,hooker,False,,False,,0.0,,0.0,0.0,
Cian Prendergast,328,Ireland,10,0.0,0.0,0.0,0.0,0.0,0.0,0.0,0.0,0.0,0.0,0.0,0.0,0.0,0.0,0.0,0.0,0.0,0.0,0.0,0.0,back-row,False,,False,,0.0,,0.0,0.0,
Gavin Coombes,321,Ireland,10,0.0,0.0,0.0,0.0,0.0,0.0,0.0,0.0,0.0,0.0,0.0,0.0,0.0,0.0,0.0,0.0,0.0,0.0,0.0,0.0,back-row,False,,False,,0.0,,0.0,0.0,
Teddy Baubigny,240,France,13,0.0,0.0,0.0,0.0,0.0,0.0,0.0,0.0,0.0,0.0,0.0,0.0,0.0,0.0,0.0,0.0,0.0,0.0,0.0,0.0,hooker,False,,False,,0.0,,0.0,0.0,
Tom O'Toole,184,Ireland,12,7.0,12.3,7.2,7.7,0.0,2.0,5.0,0.0,0.0,52.0,0.0,0.0,0.0,0.0,0.0,0.0,0.0,0.0,0.0,0.0,front-row,True,0.9722222222222222,True,1.5974025974025974,7.7,1.2532467532467533,19.3,19.3,9.65
Riccardo Favretto,282,Italy,11,0.0,0.0,0.0,0.0,0.0,0.0,0.0,0.0,0.0,0.0,0.0,0.0,0.0,0.0,0.0,0.0,0.0,0.0,0.0,0.0,second-row,False,,False,,0.0,,0.0,0.0,
Roman Salanoa,963,Ireland,12,0.0,0.0,0.0,0.0,0.0,0.0,0.0,0.0,0.0,0.0,0.0,0.0,0.0,0.0,0.0,0.0,0.0,0.0,0.0,0.0,front-row,False,,False,,0.0,,0.0,0.0,
Michael Milne,962,Ireland,12,0.0,0.0,0.0,0.0,0.0,0.0,0.0,0.0,0.0,0.0,0.0,0.0,0.0,0.0,0.0,0.0,0.0,0.0,0.0,0.0,front-row,False,,False,,0.0,,0.0,0.0,
Giacomo Da Re,397,Italy,6,0.0,0.0,0.0,0.0,0.0,0.0,0.0,0.0,0.0,0.0,0.0,0.0,0.0,0.0,0.0,0.0,0.0,0.0,0.0,0.0,back-three,False,,False,,0.0,,0.0,0.0,
Josh Bayliss,347,Scotland,10,0.0,0.0,0.0,0.0,0.0,0.0,0.0,0.0,0.0,0.0,0.0,0.0,0.0,0.0,0.0,0.0,0.0,0.0,0.0,0.0,back-row,False,,False,,0.0,,0.0,0.0,
Javan Sebastian,345,Scotland,12,0.0,0.0,0.0,0.0,0.0,0.0,0.0,0.0,0.0,0.0,0.0,0.0,0.0,0.0,0.0,0.0,0.0,0.0,0.0,0.0,front-row,False,,False,,0.0,,0.0,0.0,
